medcodeid,originalreadcode,cleansedreadcode,snomedctconceptid,snomedctdescriptionid,term,primary,ae,op,hospital,new_snomedct_synonym
2182651000000118,8HTE1,8HTE100,841221000000102,2182651000000118,Referral to community diabetes clinic,1,,,,0
2182691000000114,8HTE2,8HTE200,841241000000109,2182691000000114,Referral to community paediatric clinic,1,,,,0
755271000000116,8HTs,8HTs.00,383151000000106,755271000000116,Referral to community anticoagulation clinic,1,,,,0
1925611000006114,8Hx0,8Hx0.00,924261000000104,2370741000000112,Referral to community Parkinson's disease clinical nurse specialist,1,,,,0
2549069011,9N0n,9N0n.00,416554009,2549069011,Seen in community diabetes specialist clinic,1,,,,0
2549222013,9N0o,9N0o.00,416696002,2549222013,Seen in community diabetic specialist nurse clinic,1,,,,0
2694708014,9N0u,9N0u.00,428658005,2694708014,Seen in community respiratory clinic,1,,,,0
667221000000111,9NkB,9NkB.00,439362007,2793911012,Seen in community paediatric clinic,1,,,,0
668111000000114,9NkC,9NkC.00,439021005,2791838011,Seen in community anticoagulation clinic,1,,,,0
1681001000006111,9NkF,9NkF.00,364801000000104,688231000000111,Seen in general practitioner disease modifying antirheumatic drug monitoring clinic,1,,,,0
1681011000006114,9NkG,9NkG.00,364831000000105,688291000000112,Seen in community disease modifying antirheumatic drug monitoring clinic,1,,,,0
2297741000000112,9NoB0,9NoB000,892341000000102,2297741000000112,Seen in community lymphoedema clinic,1,,,,0
63481000000111,9b0v,9b0v.00,25791000000105,63481000000111,Community clinic note,1,,,,0
1716281000006114,9kh0,9kh0.00,504361000000107,1152391000000113,Attended extended hours clinic - ESA,1,,,,0
1152391000000113,9kh0-1,9kh0.11,504361000000107,1152391000000113,Attended extended hours clinic,1,,,,0
1764421000006118,EMISNQAD39,,1764421000006102,1764421000006118,Admission avoidance hospital at home started,1,,,,0
1928341000006114,EMISNQAP21,,1928341000006105,1928341000006114,Appointment made at extended hours clinic - ESA,1,,,,0
940801000006117,EMISNQCL3,,940801000006101,940801000006117,Community Clinical Terms Project,1,,,,0
1672471000006112,EMISNQCL7,,257585005,383463010,Clinic,1,,,,0
1563331000006112,EMISNQCO25,,1563331000006108,1563331000006112,Community health clinic,1,,,,0
1672481000006110,EMISNQCO48,,310391008,453966015,Community clinic,1,,,,0
1774611000006117,EMISNQRE156,,1774611000006101,1774611000006117,Referral to community cardiology clinic,1,,,,0
1935951000006116,EMISNQRE498,,1935951000006100,1935951000006116,Referral to community nephrology clinic,1,,,,0
2731691000000116,^ESCT1171873,,1090411000000105,2731691000000116,Referral to general practice service,1,,,,0
4945611000006117,^ESCTCO494561,,225732001,339181014,Community hospital,1,,,,0
7570081000006114,^ESCTNU757008,,703069008,3006951014,Nurse practitioner clinic,1,,,,0
5951491000006117,^ESCTRE595149,,306102000,448982014,Referral to primary health care clinic,1,,,,0
8280391000006118,^ESCTRE828039,,838891000000106,2177161000000118,Referral to community audiology clinic,1,,,,0
8280571000006114,^ESCTRE828057,,839111000000102,2177641000000114,Referral to community rheumatology clinic,1,,,,0
8280601000006119,^ESCTRE828060,,839141000000101,2177701000000116,Referral to community neurology clinic,1,,,,0
8280621000006112,^ESCTRE828062,,839171000000107,2177761000000117,Referral to community leg ulcer clinic,1,,,,0
7221991000006113,^ESCTSE722199,,439362007,2790515010,Seen in community pediatric clinic,1,,,,0
8126031000006110,^ESCTSE812603,,384181000000102,758051000000111,Seen in community clinic,1,,,,0
8428511000006111,^ESCTSE842851,,1054211000000106,2653231000000114,Seen in community diabetes antenatal clinic,1,,,,0
2476476011,8H7a,8H7a.00,310449005,2476476011,Refer to hospital,,1,1,,0
12451841000006111,^ESCT1245184,,171431004,265639016,Reviewed at hospital,,1,1,,0
12452921000006115,^ESCT1245292,,171431004,265638012,Patient reviewed at hospital,,1,1,,0
5999991000006117,^ESCTRE599999,,310449005,454022011,Referral to hospital,,1,1,,0
265638012,6A1,6A1..00,763287008,3638423011,Review at hospital,,1,,,0
265639016,6A1-1,6A1..11,763287008,3638423011,Reviewed at hospital,,1,,,0
283680015,8H65,8H65.00,183564000,283680015,Refer to hospital registrar,,1,,,0
283795013,8HC,8HC..00,183659006,283795013,Refer to hospital casualty,,1,,,0
184781000006115,8HC2,8HC2.00,183661002,283798010,Refer to hospital eye casualty,,1,,,0
283801016,8HCZ,8HCZ.00,183659006,283795013,Refer to hospital casualty NOS,,1,,,0
285194015,9N19,9N19.00,185210004,285194015,Seen in hospital casualty,,1,,,0
667121000000119,9N19-1,9N19.11,185210004,667121000000119,Seen in accident and emergency department,,1,,,1
1988051000006118,9Rf,,1034941000000103,2612681000000113,Electronic Prescription Service exception - dispensing general practice not yet Electronic Prescription Service compliant,,1,,,0
62021000000110,9b00,9b00.00,24561000000109,62021000000110,A&E report,,1,,,0
1981181000006117,EMISNQA&1,,1981181000006101,1981181000006117,A&E arrival mode - other,,1,,,0
1981411000006117,EMISNQA&10,,1981411000006101,1981411000006117,A&E source of referral - other,,1,,,0
1981421000006113,EMISNQA&11,,1981421000006109,1981421000006113,A&E source of referral - general dental practitioner,,1,,,0
1981431000006111,EMISNQA&12,,1981431000006107,1981431000006111,A&E source of referral - community dental service,,1,,,0
1981451000006116,EMISNQA&13,,1981451000006100,1981451000006116,A&E incident location type - home,,1,,,0
1981461000006119,EMISNQA&14,,1981461000006103,1981461000006119,A&E incident location type - work,,1,,,0
1981471000006114,EMISNQA&15,,1981471000006105,1981471000006114,A&E incident location type - educational establishment,,1,,,0
1981481000006112,EMISNQA&16,,1981481000006108,1981481000006112,A&E incident location type - public place,,1,,,0
1981491000006110,EMISNQA&17,,1981491000006106,1981491000006110,A&E incident location type - other,,1,,,0
1981761000006114,EMISNQA&18,,1981761000006105,1981761000006114,A&E attendance - admitted to hospital bed/lodged patient,,1,,,0
1981771000006119,EMISNQA&19,,1981771000006103,1981771000006119,A&E attendance - discharged with follow up treatment by GP,,1,,,0
1981331000006116,EMISNQA&2,,1981331000006100,1981331000006116,A&E source of referral - general medical practitioner,,1,,,0
1981781000006116,EMISNQA&20,,1981781000006100,1981781000006116,A&E attendance - discharged no follow up treatment required,,1,,,0
1981791000006118,EMISNQA&21,,1981791000006102,1981791000006118,A&E attendance - referred to A&E clinic,,1,,,0
1981801000006117,EMISNQA&22,,1981801000006101,1981801000006117,A&E attendance - referred to fracture clinic,,1,,,0
1981811000006119,EMISNQA&23,,1981811000006103,1981811000006119,A&E attendance - referred to other out-patient clinic,,1,,,0
1981821000006110,EMISNQA&24,,1981821000006106,1981821000006110,A&E attendance - transferred to other health care provider,,1,,,0
1981831000006113,EMISNQA&25,,1981831000006109,1981831000006113,A&E attendance - died in department,,1,,,0
1981841000006115,EMISNQA&26,,1981841000006104,1981841000006115,A&E attendance - referred to other health care professional,,1,,,0
1981851000006118,EMISNQA&27,,1981851000006102,1981851000006118,A&E attendance - left department before being seen for treatment,,1,,,0
1981861000006116,EMISNQA&28,,1981861000006100,1981861000006116,A&E attendance - left department having refused treatment,,1,,,0
1981871000006111,EMISNQA&29,,1981871000006107,1981871000006111,A&E attendance - other disposal,,1,,,0
1981341000006114,EMISNQA&3,,1981341000006105,1981341000006114,A&E source of referral - self referral,,1,,,0
1981351000006111,EMISNQA&4,,1981351000006107,1981351000006111,A&E source of referral - local authority social services,,1,,,0
1981361000006113,EMISNQA&5,,1981361000006109,1981361000006113,A&E source of referral - emergency services,,1,,,0
1981371000006118,EMISNQA&6,,1981371000006102,1981371000006118,A&E source of referral - work,,1,,,0
1981381000006115,EMISNQA&7,,1981381000006104,1981381000006115,A&E source of referral - educational establishment,,1,,,0
1981391000006117,EMISNQA&8,,1981391000006101,1981391000006117,A&E source of referral - police,,1,,,0
1981401000006115,EMISNQA&9,,1981401000006104,1981401000006115,A&E source of referral - same or other healthcare provider,,1,,,0
1981171000006115,EMISNQACC1,,1981171000006104,1981171000006115,A&E arrival mode - brought in by emergency ambulance,,1,,,0
841501000006118,EMISNQAE1,,841501000006102,841501000006118,A&E attendance,,1,,,0
1994171000006118,EMISNQAE10,,1994171000006102,1994171000006118,A&E treatment: eye - laser of retina/iris or posterior capsule,,1,,,0
1994181000006115,EMISNQAE11,,1994181000006104,1994181000006115,A&E treatment: occupational therapy - activities of daily living equip provision,,1,,,0
1993941000006113,EMISNQAE3,,1993941000006109,1993941000006113,A&E treatment: recall/x-ray review,,1,,,0
1994161000006113,EMISNQAE9,,1994161000006109,1994161000006113,A&E treatment: occupational therapy - OT functional assessment,,1,,,0
1874781000006116,EMISNQAT34,,1874781000006100,1874781000006116,Attended A&E,,1,,,0
11997171000006111,EMISNQEM30,,11997171000006107,11997171000006111,Emergency care attendance category - unplanned first Emergency Care attendance for a new clinical condition (or deterioration of a chronic condition),,1,,,0
12002111000006112,^ESCT1200211,,763287008,3638423011,Hospital review,,1,,,1
12702651000006117,^ESCT1270265,,763287008,3638424017,Review at hospital,,1,,,0
8368781000006112,^ESCTRE836878,,989511000000108,2514941000000114,Referral to Accident and Emergency clinic,,1,,,0
3515831000006114,^ESCTME351583,,62480006,103847010,Mental hospital,,,1,1,0
3515821000006111,^ESCTPS351582,,62480006,103846018,Psychiatric hospital,,,1,1,0
498811000006112,66AF,66AF.00,312887003,2164670010,Attends outpatients,,,1,,0
283602014,8H45,8H45.00,183520008,283602014,Immunological referral,,,1,,1
283623015,8H4H,8H4H.00,183532007,283623015,Refer to clin pharmacologist,,,1,,1
283685013,8H69,8H69.00,183568002,283685013,Refer to pain clinic,,,1,,0
451813010,8H7b,8H7b.00,308464000,451813010,Refer to day hospital,,,1,,0
763571000006116,8HBA,8HBA.00,183654001,283789012,Follow-up in outpatient clinic,,,1,,0
283802011,8HD,8HD..00,183664005,283802011,Refer to hospital OPD,,,1,,0
284057019,8HT,8HT..00,183851006,284057019,Referral to clinic,,,1,,0
284058012,8HT1,8HT1.00,183852004,284058012,Referral to lipid clinic,,,1,,0
284060014,8HT3,8HT3.00,183854003,284060014,Referral to audiology clinic,,,1,,0
284062018,8HT5,8HT5.00,183856001,284062018,Referral to hypertension clinic,,,1,,0
284071010,8HTE,8HTE.00,183851006,284057019,Referral to other clinic,,,1,,0
2253851000000116,8HTE4,8HTE400,872571000000105,2253851000000116,Referral to rapid access care of the elderly clinic,,,1,,0
2253891000000112,8HTE5,8HTE500,872591000000109,2253891000000112,Referral to rapid access temporal arteritis clinic,,,1,,0
284072015,8HTF,8HTF.00,183866009,284072015,Referral to emergency clinic,,,1,,0
284074019,8HTH,8HTH.00,183868005,284074019,Referral to back pain clinic,,,1,,0
457042010,8HTI,8HTI.00,313186001,457042010,Referral to breast clinic,,,1,,0
459476016,8HTJ,8HTJ.00,315015006,459476016,Referral to rapid access chest pain clinic,,,1,,0
216246012,8HTL,8HTL.00,134440006,216246012,Referral to heart failure clinic,,,1,,0
2256811000000114,8HTL0,8HTL000,873881000000100,2256811000000114,Referral to rapid access heart failure clinic,,,1,,0
1485131018,8HTM,8HTM.00,391104004,1485131018,Referral to soft tissue injury clinic,,,1,,0
1780181019,8HTN,8HTN.00,400973003,1780181019,Referral to eating disorders clinic,,,1,,0
2474330011,8HTQ,8HTQ.00,412773009,2474330011,Referral to stroke clinic,,,1,,0
2474275011,8HTS,8HTS.00,412717001,2474275011,Referral to osteoporosis clinic,,,1,,0
2533402016,8HTT,8HTT.00,415265005,2533402016,Referral to asthma clinic,,,1,,0
2533421012,8HTV,8HTV.00,415266006,2533421012,Referral to cataract clinic,,,1,,0
2533408017,8HTW,8HTW.00,415273001,2533408017,Referral to glaucoma clinic,,,1,,0
2534215016,8HTY,8HTY.00,415276009,2534215016,Referral to memory clinic,,,1,,0
284078016,8HTZ,8HTZ.00,183851006,284057019,Referral to clinic NOS,,,1,,0
2533397015,8HTa,8HTa.00,415272006,2533397015,Referral to genitourinary clinic,,,1,,0
2533535012,8HTd,8HTd.00,415279002,2533535012,Referral to rheumatology clinic,,,1,,0
298211000000119,8HTh,8HTh.00,198051000000107,298211000000119,Referral to leg ulcer clinic,,,1,,0
299991000000112,8HTi,8HTi.00,198831000000108,299991000000112,Referral to multidisciplinary diabetic clinic,,,1,,0
308811000000110,8HTk,8HTk.00,202461000000102,308811000000110,Referral to diabetic eye clinic,,,1,,0
406941000000112,8HTl,8HTl.00,248451000000109,406941000000112,Referral to elderly falls prevention clinic,,,1,,0
601961000000117,8HTm,8HTm.00,431883007,2768722014,Referral to deep vein thrombosis clinic,,,1,,0
634561000000115,8HTn,8HTn.00,438517001,2790987019,Referral to sleep clinic,,,1,,0
535031000000113,8HTo,8HTo.00,301791000000104,535031000000113,Referral to fracture clinic,,,1,,0
753501000000111,8HTq,8HTq.00,442135008,2819542010,Referral to infectious disease clinic,,,1,,0
754831000000118,8HTr,8HTr.00,382941000000100,754831000000118,Referral to bone marrow transplantation clinic,,,1,,0
1137101000000119,8HTu,8HTu.00,511291000000108,1137101000000119,Referral to eczema clinic,,,1,,0
1551131000000110,8HTv,8HTv.00,698559005,2974760013,Referral to tropical medicine clinic,,,1,,0
1755871000000117,8HTy,8HTy.00,758600000,3620630016,Referral to atrial fibrillation clinic,,,1,,0
448999010,8Hld,8Hld.00,306111000,448999010,Referral to clinical allergy service,,,1,,0
2112801000000117,8Hlp,8Hlp.00,809551000000103,2112801000000117,Referral to epilepsy clinic,,,1,,0
472781000000111,8Hm,8Hm..00,276011000000104,472781000000111,Referral to clinical assessment service,,,1,,0
1120171000000114,8Hm0,8Hm0.00,504181000000101,1120171000000114,Referral to dermatology clinical assessment service,,,1,,0
1120231000000116,8Hm1,8Hm1.00,504211000000100,1120231000000116,Referral to gastroenterology clinical assessment service,,,1,,0
449300015,8Hx,8Hx..00,306320001,449300015,Referral to clinical nurse specialist,,,1,,0
1886091000006116,8T1,8T1..00,183851006,284057019,Referral to clinic - additional,,,1,,0
2287031000000117,8T10,8T10.00,700432001,2990624011,Referral to haematuria clinic,,,1,,0
2303211000000117,8T11,8T11.00,894961000000105,2303211000000117,Referral to multidisciplinary obesity clinic,,,1,,0
285263010,9N01,9N01.00,185262002,285263010,Seen in general surgery clinic,,,1,,0
285264016,9N02,9N02.00,185263007,285264016,Seen in geriatric clinic,,,1,,0
285265015,9N03,9N03.00,185264001,285265015,Seen in hypertension clinic,,,1,,0
285266019,9N04,9N04.00,185265000,285266019,Seen in emergency clinic,,,1,,0
285271014,9N09,9N09.00,185270007,285271014,Seen in oncology clinic,,,1,,0
285273012,9N0B,9N0B.00,185272004,285273012,Seen in psychogeriatric clinic,,,1,,0
154341000006119,9N0D,9N0D.00,185274003,285276016,Seen in radiotherapy clinic,,,1,,0
154381000006113,9N0E,9N0E.00,185275002,285277013,Seen in rehabilitation clinic,,,1,,0
285155016,9N0H,9N0H.00,185176006,285155016,Seen in dietician clinic,,,1,,0
285158019,9N0K,9N0K.00,185179004,285158019,Seen in orthodontic clinic,,,1,,0
285159010,9N0L,9N0L.00,185180001,285159010,Seen in GU medicine clinic,,,1,,1
285169016,9N0V,9N0V.00,185189000,285169016,Seen in varicose vein clinic,,,1,,0
285170015,9N0W,9N0W.00,185190009,285170015,Seen in audiology clinic,,,1,,0
285171016,9N0X,9N0X.00,185191008,285171016,Seen in fracture clinic,,,1,,0
456934015,9N0Y,9N0Y.00,313103006,456934015,Seen in baby clinic,,,1,,0
457008018,9N0b,9N0b.00,313152005,457008018,Seen in hearing aid clinic,,,1,,0
457268011,9N0c,9N0c.00,313375009,457268011,Seen in private clinic,,,1,,0
459209014,9N0e,9N0e.00,314803001,459209014,Seen in open access nurse clinic,,,1,,0
459475017,9N0f,9N0f.00,315014005,459475017,Seen in rapid access chest pain clinic,,,1,,0
1485065015,9N0h,9N0h.00,391037000,1485065015,Seen in osteoporosis clinic,,,1,,0
62911000000117,9N0j,9N0j.00,25281000000103,62911000000117,Seen in immunology clinic,,,1,,0
2549243014,9N0k,9N0k.00,416717003,2549243014,Seen in heart failure clinic,,,1,,0
2549778010,9N0m,9N0m.00,417566006,2549778010,Seen in diabetic nurse consultant clinic,,,1,,0
306621000000116,9N0p,9N0p.00,201501000000108,306621000000116,Seen in stroke clinic,,,1,,0
2692343011,9N0r,9N0r.00,429279006,2692343011,Seen in epilepsy clinic,,,1,,0
2693456012,9N0v,9N0v.00,429519002,2693456012,Seen in liver clinic,,,1,,0
2694292015,9N0w,9N0w.00,427933004,2694292015,Seen in musculoskeletal clinic,,,1,,0
285195019,9N1A,9N1A.00,185211000,285195019,Seen in hospital out-pat.,,,1,,0
285196018,9N1B,9N1B.00,185212007,285196018,Seen in hospital ward,,,1,,0
285214011,9N1K,9N1K.00,185222001,285214011,Seen in ophthalmology clinic,,,1,,0
285215012,9N1L,9N1L.00,185223006,285215012,Seen in ENT clinic,,,1,,0
285220012,9N1O,9N1O.00,185227007,285220012,Seen in rheumatology clinic,,,1,,0
285221011,9N1P,9N1P.00,185228002,285221011,Seen in cardiac clinic,,,1,,0
285222016,9N1P-1,9N1P.11,185228002,285222016,Seen in cardiology clinic,,,1,,0
285223014,9N1Q,9N1Q.00,185229005,285223014,Seen in diabetic clinic,,,1,,0
285224015,9N1R,9N1R.00,185230000,285224015,Seen in neurology clinic,,,1,,0
405040010,9N1S,9N1S.00,270422009,405040010,Seen in dermatology clinic,,,1,,0
285228017,9N1T,9N1T.00,185232008,285228017,Seen in psychiatry clinic,,,1,,0
285229013,9N1U,9N1U.00,185233003,285229013,Seen in elderly assessment clinic,,,1,,0
285234012,9N1Y,9N1Y.00,185237002,285234012,Seen in gastroscopy clinic,,,1,,0
285237017,9N1b,9N1b.00,185240002,285237017,Seen in chest clinic,,,1,,0
620721000000113,9N1b-1,9N1b.11,185240002,620721000000113,Seen in thoracic medicine clinic,,,1,,0
285238010,9N1c,9N1c.00,185241003,285238010,Seen in general medical clinic,,,1,,0
285239019,9N1d,9N1d.00,185242005,285239019,Seen in asthma clinic,,,1,,0
285240017,9N1e,9N1e.00,185243000,285240017,Seen in colposcopy clinic,,,1,,0
285241018,9N1f,9N1f.00,185244006,285241018,Seen in colorectal clinic,,,1,,0
285242013,9N1g,9N1g.00,185245007,285242013,Seen in gastroenterology clinic,,,1,,0
285244014,9N1h,9N1h.00,185246008,285244014,Seen in haematology clinic,,,1,,0
2159271018,9N1i,9N1i.00,407672007,2159271018,Seen in diabetic foot clinic,,,1,,0
285245010,9N1j,9N1j.00,185247004,285245010,Seen in neurosurgery clinic,,,1,,0
285246011,9N1k,9N1k.00,185248009,285246011,Seen in pain clinic,,,1,,0
285247019,9N1l,9N1l.00,185249001,285247019,Seen in prostate clinic,,,1,,0
285248012,9N1m,9N1m.00,185250001,285248012,Seen in nephrology clinic,,,1,,0
285249016,9N1m-1,9N1m.11,185250001,285249016,Seen in renal clinic,,,1,,0
285250016,9N1n,9N1n.00,185251002,285250016,Seen in EMG clinic,,,1,,0
300021000000110,9N1o,9N1o.00,198841000000104,300021000000110,Seen in multidisciplinary diabetic clinic,,,1,,0
285252012,9N1p,9N1p.00,185252009,285252012,Seen in orthopaedic clinic,,,1,,0
285253019,9N1q,9N1q.00,185253004,285253019,Seen in oral surgery clinic,,,1,,0
285256010,9N1s,9N1s.00,185255006,285256010,Seen in endocrine clinic,,,1,,0
457003010,9N1u,9N1u.00,313148005,457003010,Seen in vascular clinic,,,1,,0
457231013,9N1v,9N1v.00,313340009,457231013,Seen in diabetic eye clinic,,,1,,0
154141000006117,9N1y,9N1y.00,308021002,451322017,Seen in other clinic,,,1,,0
153791000006113,9N1y0,9N1y000,185262002,285263010,Seen in general surgery clinic,,,1,,0
153811000006112,9N1y1,9N1y100,185263007,285264016,Seen in geriatric clinic,,,1,,0
153941000006118,9N1y2,9N1y200,185264001,285265015,Seen in hypertension clinic,,,1,,0
153671000006119,9N1y3,9N1y300,185265000,285266019,Seen in emergency clinic,,,1,,0
154061000006117,9N1y8,9N1y800,185270007,285271014,Seen in oncology clinic,,,1,,0
154301000006116,9N1yA,9N1yA00,185272004,285273012,Seen in psychogeriatric clinic,,,1,,0
285276016,9N1yC,9N1yC00,185274003,285276016,Seen in radiotherapy clinic,,,1,,0
285277013,9N1yD,9N1yD00,185275002,285277013,Seen in rehabilitation clinic,,,1,,0
1715251000000119,9N1yF,9N1yF00,705062002,3022942013,Seen in bariatric surgery clinic,,,1,,0
2195361000000115,9N1yH,9N1yH00,846581000000107,2195361000000115,Seen in ear care clinic,,,1,,0
285301012,9N2J,9N2J.00,185296009,285301012,Seen by hospital nurse,,,1,,0
153201000006110,9N2K,9N2K.00,305760009,448290016,Seen by hospital-based midwife,,,1,,0
2343951000000117,9N3D2,9N3D200,911951000000101,2343951000000117,Outpatient clinic letter received,,,1,,0
285476019,9NI,9NI..00,185483006,285476019,Outreach clinic,,,1,,0
285477011,9NI0,9NI0.00,185484000,285477011,Dermatology outreach clinic,,,1,,0
300271000000118,9NI4,9NI4.00,198931000000104,300271000000118,Gynaecology outreach clinic,,,1,,0
300321000000112,9NI6,9NI6.00,198951000000106,300321000000112,Psychiatric outreach clinic,,,1,,0
300341000000117,9NI7,9NI7.00,198961000000109,300341000000117,General medicine outreach clinic,,,1,,0
300371000000111,9NI8,9NI8.00,198971000000102,300371000000111,Asthma outreach clinic,,,1,,0
456685013,9NM,9NM..00,312887003,456685013,Attending clinic,,,1,,0
456686014,9NM0,9NM0.00,312888008,456686014,Attending diabetes clinic,,,1,,0
459258013,9NM2,9NM2.00,314860001,459258013,Attending cardiology clinic,,,1,,0
1780492014,9NM3,9NM3.00,401305005,1780492014,Attending chest clinic,,,1,,0
406091000000115,9NM5,9NM5.00,248031000000107,406091000000115,Attending leg ulcer clinic,,,1,,0
1488570015,9NV2,9NV2.00,394865001,1488570015,Joint consultant clinic,,,1,,0
2533967016,9NY1,9NY1.00,414260005,2533967016,First outpatient appointment date,,,1,,0
2694806018,9Nk0,9Nk0.00,428889007,2694806018,Seen in sleep clinic,,,1,,0
557671000000111,9Nk1,9Nk1.00,432806004,2767315017,Seen in memory clinic,,,1,,0
620971000000110,9Nk5,9Nk5.00,335081000000105,620971000000110,Seen in elderly care clinic,,,1,,0
621031000000119,9Nk6,9Nk6.00,431957001,2767386014,Seen in mental health clinic,,,1,,0
2691820014,9Nk7,9Nk7.00,428489000,2691820014,Seen in respiratory clinic,,,1,,0
2219551000000113,9Nk70,9Nk7000,857661000000104,2219551000000113,Seen in chronic obstructive pulmonary disease clinic,,,1,,0
727961000000113,9NkD,9NkD.00,440678006,2793755011,Seen in hospital anticoagulation clinic,,,1,,0
668351000000110,9NkE,9NkE.00,355561000000106,668351000000110,Seen in general practitioner anticoagulation clinic,,,1,,0
1681021000006118,9NkH,9NkH.00,364861000000100,688351000000112,Seen in hospital disease modifying antirheumatic drug monitoring clinic,,,1,,0
448168010,9NlF,9NlF.00,305668005,448168010,Seen by clinical pharmacologist,,,1,,0
448256013,9NlP,9NlP.00,305733002,448256013,Seen by clinical nurse specialist,,,1,,0
448351017,9NlX,9NlX.00,305801003,448351017,Seen by clinical allergy - service,,,1,,0
451322017,9No,9No..00,308021002,451322017,Seen in clinic,,,1,,0
754701000000118,9No2,9No2.00,382881000000101,754701000000118,Seen in bone marrow transplantation clinic,,,1,,0
755061000000117,9No3,9No3.00,383051000000105,755061000000117,Seen in infectious diseases clinic,,,1,,0
1551091000000112,9No7,9No7.00,698529000,2974778015,Seen in cystic fibrosis clinic,,,1,,0
1587621000000115,9No8,9No8.00,698528008,2974648015,Seen in nuclear medicine clinic,,,1,,0
2326351000000113,9NoB,9NoB.00,904571000000103,2326351000000113,Seen in lymphoedema clinic,,,1,,0
2372941000000113,9NoE,9NoE.00,925331000000102,2372941000000113,Seen in spinal clinic,,,1,,0
754441000000113,9Np,9Np..00,382761000000101,754441000000113,Seen in fast track suspected cancer clinic,,,1,,0
753611000000112,9Np0,9Np0.00,382361000000100,753611000000112,Seen in fast track suspected sarcoma clinic,,,1,,0
753701000000115,9Np1,9Np1.00,382401000000109,753701000000115,Seen in fast track suspected brain tumour clinic,,,1,,0
753761000000116,9Np2,9Np2.00,382431000000103,753761000000116,Seen in fast track suspected breast cancer clinic,,,1,,0
755591000000115,9Np3,9Np3.00,383201000000101,755591000000115,Seen in fast track suspected childrens tumour clinic,,,1,,0
753931000000112,9Np4,9Np4.00,382511000000105,753931000000112,Seen in fast track suspected gynaecological cancer clinic,,,1,,0
1705451000006113,9Np5,9Np5.00,382581000000103,754071000000111,Seen in fast track suspected haematological malignancy clinic,,,1,,0
754161000000115,9Np6,9Np6.00,382621000000103,754161000000115,Seen in fast track suspected head and neck cancer clinic,,,1,,0
754221000000119,9Np7,9Np7.00,382651000000108,754221000000119,Seen in fast track suspected colorectal cancer clinic,,,1,,0
754281000000118,9Np8,9Np8.00,382681000000102,754281000000118,Seen in fast track suspected lung cancer clinic,,,1,,0
754341000000119,9Np9,9Np9.00,382711000000103,754341000000119,Seen in fast track suspected skin cancer clinic,,,1,,0
1705501000006110,9NpA,9NpA.00,382811000000108,754551000000110,Seen in fast track suspected upper gastrointestinal cancer clinic,,,1,,0
754611000000110,9NpB,9NpB.00,382841000000109,754611000000110,Seen in fast track suspected urological cancer clinic,,,1,,0
26091000000116,9OI-1,9OI..11,713661000000102,1564901000000114,Hypertension clinic administration,,,1,,0
26101000000112,9OJ-1,9OJ..11,713711000000105,1564951000000110,Asthma clinic administration,,,1,,0
26111000000114,9OK-1,9OK..11,713971000000102,1565211000000116,Obesity clinic administration,,,1,,0
25261000000111,9OL-1,9OL..11,713691000000108,1564931000000115,Diabetes clinic administration,,,1,,0
21641000000114,9OM,9OM..00,713981000000100,1565221000000110,Geriatric monitoring administration,,,1,,1
21651000000112,9OM-1,9OM..11,713981000000100,1565221000000110,Geriatric clinic admin.,,,1,,0
21661000000110,9OMZ,9OMZ.00,713981000000100,1565221000000110,Geriatric monitor.admin.NOS,,,1,,1
411571010,9OMZ-1,9OMZ.11,275576008,411571010,Elderly assessment clinic,,,1,,0
285879017,9Oa,9Oa..00,185920002,285879017,Cardiovascular clinic,,,1,,0
1212307015,9c70,9c70.00,373864002,1212307015,Outpatient,,,1,,0
856971000006112,EGTONHY3,,856971000006108,856971000006112,Hypertensive clinic,,,1,,0
1777591000006117,EMISNQAC729,,1777591000006101,1777591000006117,Activity location: Polyclinic,,,1,,0
1777661000006114,EMISNQAC736,,1777661000006105,1777661000006114,Activity location: Out-Patient Clinic,,,1,,0
1773281000006112,EMISNQFI21,,1773281000006108,1773281000006112,First outpatient appointment,,,1,,0
1773291000006110,EMISNQFO22,,1773291000006106,1773291000006110,Follow-up outpatient appointment,,,1,,0
11639681000006118,EMISNQFO78,,11639681000006102,11639681000006118,Follow-up by clinical nurse specialist,,,1,,0
1672561000006116,EMISNQHO19,,33022008,55115014,Hospital-based outpatient department,,,1,,0
1787131000006118,EMISNQHO51,,425464007,1787131000006118,Hospital acquired pneumonia,,,1,,1
1563141000006117,EMISNQHO6,,1563141000006101,1563141000006117,Hospital OPD,,,1,,0
1563391000006111,EMISNQHO9,,1563391000006107,1563391000006111,Hospital Outpatients - In House,,,1,,0
1979441000006112,EMISNQIN268,,1979441000006108,1979441000006112,Intervention session type: Drop-in clinic,,,1,,0
1764491000006116,EMISNQRE147,,1764491000006100,1764491000006116,Referral to eating disorders outreach clinic,,,1,,0
1779671000006113,EMISNQRE289,,1779671000006109,1779671000006113,Referral to rectal bleeding clinic,,,1,,0
970911000006110,EMISNQRE34,,970911000006106,970911000006110,Referral to Asthma clinic,,,1,,0
1851351000006112,EMISNQRE342,,1851351000006108,1851351000006112,Referral to frailty clinic,,,1,,0
1863631000006118,EMISNQRE405,,1863631000006102,1863631000006118,Referral to clinical nurse specialist,,,1,,0
1969711000006110,EMISNQRE580,,1969711000006106,1969711000006110,Referral to palliative care outpatient service,,,1,,0
1638531000006113,EMISNQRE73,,1638531000006109,1638531000006113,Referral to deep vein thrombosis clinic,,,1,,0
1890371000006116,EMISNQSE119,,1890371000006100,1890371000006116,Seen in lymphoedema clinic,,,1,,0
1910721000006112,EMISNQSE125,,1910721000006108,1910721000006112,Seen in spinal clinic,,,1,,0
1928501000006119,EMISNQSE131,,1928501000006103,1928501000006119,Seen in rapid access clinic at GP surgery,,,1,,0
2004011000006115,EMISNQSE151,,2004011000006104,2004011000006115,Seen in virtual clinic,,,1,,0
1682771000006111,EMISNQSE31,,1682771000006107,1682771000006111,Seen in haematuria clinic,,,1,,0
1709171000006111,EMISNQSE35,,1709171000006107,1709171000006111,Seen by clinical nurse specialist,,,1,,0
1728561000006113,EMISNQSE44,,1728561000006109,1728561000006113,Seen in Cystic Fibrosis clinic,,,1,,0
1757691000006116,EMISNQSE52,,1757691000006100,1757691000006116,Seen in bariatric surgery clinic,,,1,,0
1773381000006119,EMISNQSE63,,1773381000006103,1773381000006119,Seen in in-house nurse-led diabetic clinic,,,1,,0
1824591000006113,EMISNQSE77,,1824591000006109,1824591000006113,Seen in ear care clinic,,,1,,0
1839331000006117,EMISNQSE79,,1839331000006101,1839331000006117,Seen in chronic obstructive pulmonary disease clinic,,,1,,0
968351000006119,EMISNQSPR800,,968351000006103,968351000006119,Clinical oncology referral,,,1,,0
1823511000006117,EMISNQTE12,,1823511000006101,1823511000006117,Telephone contact by clinical nurse specialist,,,1,,0
904741000006111,EMISSPR303,,904741000006107,904741000006111,Haematology (clinical) referral,,,1,,0
904801000006118,EMISSPR313,,904801000006102,904801000006118,Clinical immunology and allergy referral,,,1,,0
968361000006117,EMISSPR990,,968361000006101,968361000006117,Joint consultations clinic referral,,,1,,0
451826014,ESCTRE21,,308473008,451826014,Referral to clinical immunologist,,,1,,0
449244019,ESCTRE6,,306272008,449244019,Referral to clinical allergist,,,1,,0
1574941000006114,FUNDHJO1,,1574941000006105,1574941000006114,Joint Consultant Clinic Referrals,,,1,,0
1575511000006118,FUNDHRE8,,1575511000006102,1575511000006118,Refer To A & E (Clinic),,,1,,0
1575881000006111,FUNDRE1,,1575881000006107,1575881000006111,Referral To Clinical Physiology,,,1,,0
2674072012,H2C,H2C..00,425464007,2674072012,Hospital acquired pneumonia,,,1,,1
971131000006113,TRIQQIN13,,971131000006109,971131000006113,Intervention - outpatient appointment,,,1,,0
3516333019,^ESCT1166318,,736086007,3516333019,Referral to respiratory clinic,,,1,,0
3516990010,^ESCT1166508,,736271009,3516990010,Outpatient care plan,,,1,,0
12736801000006113,^ESCT1273680,,1127431000000103,1855231000000116,Seen by clinical pharmacist,,,1,,0
12738601000006111,^ESCT1273860,,1129891000000107,1860671000000118,Seen by clinical pharmacist in care home,,,1,,0
13486251000006116,^ESCT1348625,,1325031000000108,2839011000000115,Referral to post-COVID assessment clinic,,,1,,0
14259201000006118,^ESCT1425920,,1325031000000108,2880321000000114,Referral to long term effects of COVID-19 assessment clinic,,,1,,1
7566941000006110,^ESCTAC756694,,702812003,3006272016,Acute pain clinic,,,1,,0
7566961000006114,^ESCTAL756696,,702814002,3006196015,Allergy clinic,,,1,,0
7567061000006110,^ESCTAN756706,,702822009,3006527013,Anticoagulation clinic,,,1,,0
7567071000006115,^ESCTAS756707,,702823004,3006258013,Asthma clinic,,,1,,0
7567081000006117,^ESCTAU756708,,702824005,3006220014,Audiology clinic,,,1,,0
7567141000006110,^ESCTCA756714,,702830005,3006233015,Cardiology clinic,,,1,,0
7567251000006116,^ESCTCH756725,,702839006,3006290015,Chronic obstructive pulmonary disease clinic,,,1,,0
7567261000006119,^ESCTCH756726,,702840008,3006329012,Chronic pain clinic,,,1,,0
5993831000006112,^ESCTCL599383,,309902002,453403019,Clinical oncology department,,,1,,0
5994071000006118,^ESCTCL599407,,309913004,453425013,Clinical allergy department,,,1,,0
5995431000006114,^ESCTCL599543,,310022001,453561017,Clinical oncology service,,,1,,0
5995631000006112,^ESCTCL599563,,310035005,453579018,Clinical allergy service,,,1,,0
7825561000006116,^ESCTCL782556,,721943002,3327807018,Clinical immunology and allergy specialist,,,1,,0
8313201000006115,^ESCTCL831320,,892751000000100,2298591000000114,Clinical immunology and allergy service,,,1,,0
8313421000006112,^ESCTCL831342,,893051000000106,2299231000000119,Clinical allergy service,,,1,,0
7567311000006114,^ESCTDE756731,,702845003,3006306016,Deep vein thrombosis clinic,,,1,,0
7567331000006115,^ESCTDE756733,,702847006,3006340016,Dermatology clinic,,,1,,0
7565341000006118,^ESCTDI756534,,702706001,3005741010,Diabetes clinic,,,1,,0
7567341000006113,^ESCTDI756734,,702848001,3006333017,Diabetes foot care clinic,,,1,,0
7567391000006116,^ESCTEA756739,,702852001,3006538013,"Ear, nose and throat clinic",,,1,,0
7567411000006116,^ESCTEN756741,,702854000,3006328016,Endocrinology clinic,,,1,,0
2763051000006116,^ESCTFR276305,,16597003,28076017,Free-standing eye clinic,,,1,,0
2845231000006110,^ESCTFR284523,,21700006,36410011,Free-standing dermatology clinic,,,1,,0
3174311000006110,^ESCTFR317431,,41844007,69810013,Free-standing gerontology clinic,,,1,,0
3352561000006116,^ESCTFR335256,,52589007,496362012,Free-standing orthopaedics clinic,,,1,,0
7567461000006118,^ESCTGA756746,,702859005,3006296014,Gastroenterology clinic,,,1,,0
5574961000006112,^ESCTGE557496,,275576008,3006315011,Geriatric clinic,,,1,,0
7567491000006114,^ESCTGY756749,,702862008,3006317015,Gynaecology clinic,,,1,,0
7567501000006118,^ESCTGY756750,,702862008,3006332010,Gynecology clinic,,,1,,0
7044731000006115,^ESCTHA704473,,425464007,3427976013,HAP - hospital acquired pneumonia,,,1,,0
7567531000006114,^ESCTHA756753,,702865005,3006288016,Haematology clinic,,,1,,0
7567521000006111,^ESCTHE756752,,702864009,3006299019,Headache clinic,,,1,,0
7567541000006116,^ESCTHE756754,,702865005,3006298010,Hematology clinic,,,1,,0
2503721000006113,^ESCTHO250372,,331006,1635017,Hospital-based outpatient rheumatology clinic,,,1,,0
2527451000006114,^ESCTHO252745,,1814000,4135017,Hospital-based outpatient gerontology clinic,,,1,,0
2662471000006115,^ESCTHO266247,,10206005,17783019,Hospital-based outpatient dental clinic,,,1,,0
2735761000006110,^ESCTHO273576,,14866005,25252017,Hospital-based outpatient psychiatric clinic,,,1,,0
2859281000006111,^ESCTHO285928,,22549003,196203016,Hospital-based outpatient gynaecology clinic,,,1,,0
3031611000006112,^ESCTHO303161,,33022008,55118011,Hospital-based outpatient clinic,,,1,,0
3031621000006116,^ESCTHO303162,,33022008,485395011,Hospital outpatients department,,,1,,0
3104821000006118,^ESCTHO310482,,37550003,62638019,Hospital-based outpatient dermatology clinic,,,1,,0
3115801000006112,^ESCTHO311580,,38238005,64006012,Hospital-based outpatient neurology clinic,,,1,,0
3318861000006112,^ESCTHO331886,,50569004,84240013,Hospital-based outpatient urology clinic,,,1,,0
3412911000006111,^ESCTHO341291,,56189001,93435014,Hospital-based outpatient obstetrical clinic,,,1,,0
3428861000006112,^ESCTHO342886,,57159002,95065012,Hospital-based outpatient respiratory disease clinic,,,1,,0
3450101000006116,^ESCTHO345010,,58482006,97186014,Hospital-based outpatient gastroenterology clinic,,,1,,0
3768961000006118,^ESCTHO376896,,78001009,503739010,Hospital-based outpatient orthopaedics clinic,,,1,,0
3768971000006113,^ESCTHO376897,,78001009,129449016,Hospital-based outpatient orthopedics clinic,,,1,,0
3770331000006117,^ESCTHO377033,,78088001,129595014,Hospital-based outpatient ophthalmology clinic,,,1,,0
3770341000006110,^ESCTHO377034,,78088001,129596010,Hospital-based outpatient eye clinic,,,1,,0
5999431000006112,^ESCTHO599943,,310390009,453965016,Hospital clinic,,,1,,0
8104851000006114,^ESCTHO810485,,325331000000105,598751000000119,Hospital based outpatient care,,,1,,0
7567581000006110,^ESCTIM756758,,702868007,3006344013,Immunology clinic,,,1,,0
7567601000006117,^ESCTIN756760,,702870003,3006511018,Infectious disease clinic,,,1,,0
7567681000006114,^ESCTIN756768,,702877000,3006468018,Internal medicine clinic,,,1,,0
7567711000006110,^ESCTLY756771,,702880004,3006385015,Lymphoedema clinic,,,1,,0
7567721000006119,^ESCTLY756772,,702880004,3006415012,Lymphedema clinic,,,1,,1
3133171000006119,^ESCTME313317,,39350007,65980010,Medical clinic,,,1,,0
7567761000006113,^ESCTMO756776,,702884008,3006403013,Movement disorder clinic,,,1,,0
7567781000006115,^ESCTNE756778,,702886005,3006413017,Nephrology clinic,,,1,,0
7567791000006117,^ESCTNE756779,,702887001,3006394014,Neurology clinic,,,1,,0
7567811000006118,^ESCTNE756781,,702889003,3006365019,Neurophysiology clinic,,,1,,0
7567821000006114,^ESCTNE756782,,702890007,3006446011,Neuropsychology clinic,,,1,,0
7567831000006112,^ESCTNE756783,,702891006,3006459015,Neurosurgery clinic,,,1,,0
7044721000006118,^ESCTNO704472,,425464007,2674071017,Nosocomial pneumonia,,,1,,1
7568351000006114,^ESCTON756835,,702931005,3006374017,Oncology clinic,,,1,,0
3031631000006118,^ESCTOP303163,,33022008,485396012,OPD - Outpatients department,,,1,,0
7567871000006110,^ESCTOP756787,,702894003,3006419018,Ophthalmology clinic,,,1,,0
7568361000006111,^ESCTOR756836,,702932003,3006396011,Oral and maxillofacial surgery clinic,,,1,,0
7568371000006116,^ESCTOR756837,,702933008,3006411015,Orthopaedic clinic,,,1,,0
7568381000006118,^ESCTOR756838,,702933008,3006457018,Orthopedic clinic,,,1,,0
7567881000006113,^ESCTOS756788,,702895002,3006469014,Osteoporosis clinic,,,1,,0
8049671000006119,^ESCTOU804967,,163381000000105,214151000000116,Outpatient Clinic Attendance,,,1,,0
8255991000006117,^ESCTOU825599,,801531000000106,1792141000000117,Outpatient Clinic Attendance - Consultant Referral Letter,,,1,,0
8256001000006116,^ESCTOU825600,,801541000000102,1792161000000116,Outpatient Clinic Attendance - GP Letter,,,1,,0
8256011000006118,^ESCTOU825601,,801551000000104,1792181000000113,Outpatient Clinic Attendance - Patient Letter,,,1,,0
8256031000006112,^ESCTOU825603,,801571000000108,1792221000000115,Outpatient Clinic Attendance - Results Letter,,,1,,0
8256061000006115,^ESCTOU825606,,801601000000101,1792281000000119,Outpatient Clinic Attendance - Administration Letter,,,1,,0
8256071000006110,^ESCTOU825607,,801611000000104,1792301000000118,Outpatient Clinic Attendance - Private Practice Letter,,,1,,0
7567891000006111,^ESCTPA756789,,702896001,3006455014,Pacemaker clinic,,,1,,0
7567901000006110,^ESCTPA756790,,702897005,3006389014,Pain clinic,,,1,,0
7567911000006113,^ESCTPA756791,,702898000,3006571012,Parkinson's disease clinic,,,1,,0
7568181000006115,^ESCTPS756818,,702914003,3006434012,Psychiatry clinic,,,1,,0
4724241000006114,^ESCTRE472424,,183520008,283603016,Referral to clinical immunology service,,,1,,0
4724431000006117,^ESCTRE472443,,183532007,283622013,Referral to clinical pharmacologist,,,1,,0
4725421000006119,^ESCTRE472542,,183664005,2913319013,Refer to hospital outpatient department,,,1,,0
5951711000006116,^ESCTRE595171,,306116005,449004015,Referral to clinical pharmacology service,,,1,,0
5951721000006112,^ESCTRE595172,,306117001,449005019,Referral to clinical physiology service,,,1,,0
5951751000006115,^ESCTRE595175,,306120009,449008017,Referral to clinical genetics service,,,1,,0
5951761000006118,^ESCTRE595176,,306121008,449009013,Referral to clinical cytogenetics service,,,1,,0
5952051000006112,^ESCTRE595205,,306140002,449038011,Referral to clinical oncology service,,,1,,0
5952901000006114,^ESCTRE595290,,306202007,449133016,Referral to care of the elderly day hospital,,,1,,0
5954121000006114,^ESCTRE595412,,306277002,449249012,Referral to clinical physiologist,,,1,,0
5954141000006119,^ESCTRE595414,,306279004,449251011,Referral to clinical geneticist,,,1,,0
5954151000006117,^ESCTRE595415,,306280001,449252016,Referral to clinical cytogeneticist,,,1,,0
5963911000006110,^ESCTRE596391,,307063001,450235018,Referral to clinical haematologist,,,1,,0
5978971000006115,^ESCTRE597897,,308464000,451814016,Referral to day hospital,,,1,,0
7148321000006117,^ESCTRE714832,,431883007,2770633016,Referral to deep vein thrombosis (DVT) clinic,,,1,,0
7148331000006119,^ESCTRE714833,,431883007,711261000000119,Referral to DVT clinic,,,1,,0
7509901000006117,^ESCTRE750990,,698560000,2974722016,Referral to sleep apnoea clinic,,,1,,0
7509911000006119,^ESCTRE750991,,698560000,2974677019,Referral to sleep apnea clinic,,,1,,0
7568201000006119,^ESCTRE756820,,702916001,3006424015,Rehabilitation clinic,,,1,,0
7568211000006116,^ESCTRE756821,,702917005,3006515010,Respiratory disease clinic,,,1,,0
7599261000006111,^ESCTRE759926,,705146005,3023429011,Referral to transient ischaemic attack clinic,,,1,,0
7599271000006116,^ESCTRE759927,,705146005,3023417019,Referral to transient ischemic attack clinic,,,1,,0
8061371000006118,^ESCTRE806137,,201491000000102,306601000000113,Referral to clinical medical officer,,,1,,0
8259571000006112,^ESCTRE825957,,809371000000100,2112441000000116,Referral to respiratory clinic,,,1,,0
8259591000006113,^ESCTRE825959,,809391000000101,2112481000000112,Referral to diabetic clinic,,,1,,0
8259601000006117,^ESCTRE825960,,809401000000103,2112501000000115,Referral to alcohol misuse clinic,,,1,,0
8259681000006114,^ESCTRE825968,,809561000000100,2112821000000114,Referral to older person clinic,,,1,,0
8259701000006112,^ESCTRE825970,,809581000000109,2112861000000118,Referral to coronary heart disease clinic,,,1,,0
8259711000006110,^ESCTRE825971,,809591000000106,2112881000000110,Referral to pain management clinic,,,1,,0
8296911000006111,^ESCTRE829691,,860831000000103,2226331000000110,Referral to anticoagulation clinic,,,1,,0
8438941000006117,^ESCTRE843894,,1066111000000103,2677611000000112,Referral to outpatients department,,,1,,0
7568221000006112,^ESCTRH756822,,702918000,3006357017,Rheumatology clinic,,,1,,0
4733221000006119,^ESCTSE473322,,185180001,2914399017,Seen in genitourinary medicine clinic,,,1,,0
4733461000006114,^ESCTSE473346,,185211000,2883494012,Seen in hospital outpatient department,,,1,,0
4733591000006119,^ESCTSE473359,,185223006,2983048018,"Seen in ear, nose and throat clinic",,,1,,0
4733841000006113,^ESCTSE473384,,185246008,285243015,Seen in hematology clinic,,,1,,0
4733911000006119,^ESCTSE473391,,185251002,2972666014,Seen in electromyography clinic,,,1,,0
4733931000006113,^ESCTSE473393,,185252009,285251017,Seen in orthopedic clinic,,,1,,0
4734371000006112,^ESCTSE473437,,185297000,285302017,Seen by hospital midwife,,,1,,0
5943101000006116,^ESCTSE594310,,305635003,448123019,Seen by clinical oncologist,,,1,,0
5943371000006112,^ESCTSE594337,,305655002,448153014,Seen by chemical pathologist,,,1,,1
5943381000006110,^ESCTSE594338,,305655002,448154015,Seen by clinical biochemist,,,1,,0
5943451000006114,^ESCTSE594345,,305661004,448161016,Seen by clinical allergist,,,1,,0
5943501000006111,^ESCTSE594350,,305666009,448166014,Seen by clinical immunologist,,,1,,0
5943511000006114,^ESCTSE594351,,305667000,448167017,Seen by clinical neurophysiologist,,,1,,0
5943531000006115,^ESCTSE594353,,305669002,448169019,Seen by clinical physiologist,,,1,,0
5943591000006116,^ESCTSE594359,,305675006,448175011,Seen by clinical geneticist,,,1,,0
5943601000006112,^ESCTSE594360,,305676007,448176012,Seen by clinical cytogeneticist,,,1,,0
5943621000006119,^ESCTSE594362,,305678008,448179017,Seen by clinical molecular geneticist,,,1,,0
5944871000006116,^ESCTSE594487,,305771005,448307014,Seen by hospital-based podiatrist,,,1,,0
5944891000006115,^ESCTSE594489,,305771005,448305018,Seen by hospital podiatrist,,,1,,0
5944931000006112,^ESCTSE594493,,305773008,448311015,Seen by hospital-based dietitian,,,1,,0
5944941000006119,^ESCTSE594494,,305773008,448310019,Seen by hospital dietitian,,,1,,0
5944991000006111,^ESCTSE594499,,305776000,448316013,Seen by hospital-based occupational therapist,,,1,,0
5945001000006116,^ESCTSE594500,,305776000,448317016,Seen by hospital occupational therapist,,,1,,0
5945071000006110,^ESCTSE594507,,305782002,448326018,Seen by hospital-based physiotherapist,,,1,,0
5945081000006113,^ESCTSE594508,,305782002,448325019,Seen by hospital physiotherapist,,,1,,0
5945141000006115,^ESCTSE594514,,305787008,448333018,Seen by hospital-based speech and language therapist,,,1,,0
5945151000006118,^ESCTSE594515,,305787008,448332011,Seen by hospital speech and language therapist,,,1,,0
5945241000006112,^ESCTSE594524,,305793000,3010654018,Seen by clinical oncology service,,,1,,0
5945331000006110,^ESCTSE594533,,305801003,3010904010,Seen by clinical allergy service,,,1,,0
5945391000006114,^ESCTSE594539,,305806008,3011132013,Seen by clinical immunology service,,,1,,0
5945401000006111,^ESCTSE594540,,305807004,3010318011,Seen by clinical neurophysiology service,,,1,,0
5945411000006114,^ESCTSE594541,,305808009,3012064019,Seen by clinical pharmacology service,,,1,,0
5945421000006118,^ESCTSE594542,,305809001,3010233018,Seen by clinical physiology service,,,1,,0
5945481000006119,^ESCTSE594548,,305815001,3010771013,Seen by clinical genetics service,,,1,,0
5945491000006116,^ESCTSE594549,,305816000,3012011018,Seen by clinical cytogenetics service,,,1,,0
5945501000006112,^ESCTSE594550,,305817009,3010568019,Seen by clinical molecular genetics service,,,1,,0
5945721000006111,^ESCTSE594572,,305833007,3010809016,Seen by clinical biochemistry service,,,1,,0
5945911000006117,^ESCTSE594591,,305848001,3011399013,Seen by hospital-based podiatry service,,,1,,0
5945921000006113,^ESCTSE594592,,305848001,3010291019,Seen by hospital podiatry service,,,1,,0
5945971000006114,^ESCTSE594597,,305851008,3010429011,Seen by hospital-based dietetics service,,,1,,0
5945981000006112,^ESCTSE594598,,305851008,3010342010,Seen by hospital dietetics service,,,1,,0
5946041000006113,^ESCTSE594604,,305855004,3011723019,Seen by hospital-based occupational therapy service,,,1,,0
5946121000006117,^ESCTSE594612,,305861001,3011791014,Seen by hospital-based physiotherapy service,,,1,,0
5946131000006119,^ESCTSE594613,,305861001,3011371016,Seen by hospital physiotherapy service,,,1,,0
5946171000006116,^ESCTSE594617,,305864009,3011643016,Seen by hospital base speech and language therapy service,,,1,,0
5946181000006118,^ESCTSE594618,,305864009,3012427017,Seen by hospital speech and language therapy service,,,1,,0
5946701000006114,^ESCTSE594670,,305907000,448489011,Seen in day hospital,,,1,,0
5946711000006112,^ESCTSE594671,,305908005,448490019,Seen in psychiatry day hospital,,,1,,0
5946721000006116,^ESCTSE594672,,305909002,448491015,Seen in psychogeriatric day hospital,,,1,,0
5946731000006118,^ESCTSE594673,,305909002,448492010,Seen in old age psychiatry day hospital,,,1,,0
5946741000006111,^ESCTSE594674,,305909002,448493017,Seen in elderly mentally ill day hospital,,,1,,1
5946751000006113,^ESCTSE594675,,305910007,448495012,Seen in care of the elderly day hospital,,,1,,0
5946761000006110,^ESCTSE594676,,305910007,448494011,Seen in geriatric day hospital,,,1,,0
5963951000006111,^ESCTSE596395,,307065008,450239012,Seen by clinical haematologist,,,1,,0
6718431000006110,^ESCTSE671843,,405779006,2157555010,Seen by clinical psychologist,,,1,,0
7568241000006117,^ESCTSE756824,,702920002,3006451017,Seizure clinic,,,1,,0
8125671000006111,^ESCTSE812567,,383481000000107,756481000000114,Seen in hospital clinic,,,1,,0
8195091000006114,^ESCTSE819509,,518921000000105,1158681000000118,Seen in consultant led community clinic,,,1,,0
8294561000006110,^ESCTSE829456,,857661000000104,2219581000000119,Seen in COPD (chronic obstructive pulmonary disease) clinic,,,1,,0
7280381000006112,^ESCTSL728038,,443621004,2842031016,Sleep apnoea clinic,,,1,,0
7280391000006110,^ESCTSL728039,,443621004,2837838019,Sleep apnea clinic,,,1,,0
2582111000006114,^ESCTSP258211,,5161006,496060012,Speciality clinic admission,,,1,,0
2582121000006118,^ESCTSP258212,,5161006,9651011,Specialty clinic admission,,,1,,0
7568281000006111,^ESCTST756828,,702924006,3006454013,Stroke clinic,,,1,,0
5993721000006119,^ESCTTE599372,,309896007,453396016,Tertiary referral hospital,,,1,,0
5993751000006111,^ESCTTE599375,,309896007,2551375019,Tertiary care centre,,,1,,1
7696751000006116,^ESCTTE769675,,712877007,3286182013,Temporary clinic,,,1,,0
7568311000006113,^ESCTUR756831,,702927004,3006491019,Urgent care clinic,,,1,,0
397754013,13F8,13F8.00,266938001,397754013,Hospital patient,,,,1,0
397755014,13F8-1,13F8.11,266938001,397755014,Hospital inpatient,,,,1,0
736561000006112,13F81,13F8100,160741006,250569018,Long stay hospital inpatient,,,,1,0
250569018,13FS,13FS.00,160741006,250569018,Long stay hospital inpatient,,,,1,0
283520011,8H2,8H2..00,183452005,283520011,Emergency hospital admission,,,,1,0
462181000006113,8H21,8H21.00,183452005,283520011,Admit medical emergency unsp.,,,,1,1
462321000006111,8H22,8H22.00,183452005,283520011,Admit surgical emergency unsp.,,,,1,1
283523013,8H23,8H23.00,183455007,3082943011,Psychiatric emergency hospital admission,,,,1,0
283525018,8H24,8H24.00,183457004,3082885014,Geriatric emergency hospital admission,,,,1,0
283528016,8H26,8H26.00,183459001,283528016,Admit gynaecological emergency,,,,1,1
283532010,8H28,8H28.00,183461005,3082948019,Orthopaedic emergency hospital admission,,,,1,0
283533017,8H29,8H29.00,183462003,3082975014,ENT emergency hospital admission,,,,1,0
462221000006116,8H2B,8H2B.00,183464002,3082894015,Ophthalmological emergency hospital admission,,,,1,0
283536013,8H2C,8H2C.00,183465001,3082921015,Rheumatology emergency hospital admission,,,,1,0
283537016,8H2D,8H2D.00,183466000,3082855016,Dermatology emergency hospital admission,,,,1,0
283538014,8H2E,8H2E.00,183467009,3082917010,Neurology emergency hospital admission,,,,1,0
283541017,8H2H,8H2H.00,183470008,3082962014,Haematology emergency hospital admission,,,,1,0
283544013,8H2J,8H2J.00,183472000,3082988012,Diabetic emergency hospital admission,,,,1,0
283545014,8H2K,8H2K.00,183473005,3082839011,Oral surgical emergency hospital admission,,,,1,0
283546010,8H2L,8H2L.00,183474004,3082862013,Psychogeriatric emergency hospital admission,,,,1,0
283547018,8H2M,8H2M.00,183475003,3082929018,Renal medicine emergency hospital admission,,,,1,0
283548011,8H2N,8H2N.00,183476002,3082967015,Neurosurgical emergency hospital admission,,,,1,0
283549015,8H2O,8H2O.00,183477006,3082969017,Cardiothoracic emergency hospital admission,,,,1,0
283550015,8H2P,8H2P.00,183478001,3082895019,Emergency hospital admission for asthma,,,,1,0
457274011,8H2Q,8H2Q.00,313385005,3082972012,Cardiology emergency hospital admission,,,,1,0
2160051010,8H2R,8H2R.00,408501008,3082901016,Emergency hospital admission for chronic obstructive pulmonary disease,,,,1,0
2549208013,8H2S,8H2S.00,416683003,3082850014,Emergency hospital admission for heart failure,,,,1,0
585631000000113,8H2V,8H2V.00,699245006,3082941013,Emergency hospital admission for ischaemic heart disease,,,,1,0
1137891000000117,8H2W,8H2W.00,699122005,3082834018,Vascular surgery emergency hospital admission,,,,1,0
2186461000000117,8H2X,8H2X.00,842951000000109,2186461000000117,Emergency hospital admission from walk-in centre,,,,1,0
283552011,8H2Z,8H2Z.00,183452005,283520011,Admit hospital emergency NOS,,,,1,0
283553018,8H3,8H3..00,183481006,283553018,Non-urgent hospital admission,,,,1,0
587011000006112,8H31,8H31.00,183481006,283553018,Non-urgent hosp.admission unsp,,,,1,1
283592013,8H3Z,8H3Z.00,32485007,54238014,Hospital admission,,,,1,0
283820019,8HG,8HG..00,183676005,283820019,Died in hospital,,,,1,0
608281000006119,8HG-1,8HG..11,183676005,283820019,Death in hospital,,,,1,0
1227951014,8Hd,8Hd..00,32485007,1227951014,Admission to hospital,,,,1,0
447726018,8Hd0,8Hd0.00,305337004,447726018,Admission to community hospital,,,,1,0
1782016,8Hd4,8Hd4.00,417005,1782016,Hospital re-admission,,,,1,0
284397011,9144,9144.00,184091000,284397011,Patient in hospital,,,,1,0
608301000006115,946,946..00,184280004,284629010,Death notification - non-hospital source,,,,1,0
1655711000000110,9Ndd,9Ndd.00,752581000000107,1655711000000110,Declined consent for researcher to access clinical record,,,,1,0
62121000000114,9b0K,9b0K.00,24651000000105,62121000000114,Hospital admission note,,,,1,0
1936211000006119,EMISNQAD98,,1936211000006103,1936211000006119,Admission to hospice from acute hospital,,,,1,0
1936261000006116,EMISNQAD99,,1936261000006100,1936261000006116,Admission to hospice from community hospital,,,,1,0
1955941000006117,EMISNQAP23,,1955941000006101,1955941000006117,Appropriate non-elective hospital admission,,,,1,0
1860181000006118,EMISNQDA37,,1860181000006102,1860181000006118,Date of last hospital admission,,,,1,0
1951201000006112,EMISNQDI201,,1951201000006108,1951201000006112,Discharge to acute hospital,,,,1,0
1672461000006117,EMISNQHO17,,22232009,37320011,Hospital,,,,1,0
1728541000006114,EMISNQHO22,,18083007,30547015,"Hospital admission, emergency, indirect",,,,1,0
1823531000006111,EMISNQHO53,,1823531000006107,1823531000006111,"Hospital admission, emergency, from walk-in centre",,,,1,0
1563381000006113,EMISNQHO8,,1563381000006109,1563381000006113,Hospital Inpatient,,,,1,0
1955951000006115,EMISNQIN236,,1955951000006104,1955951000006115,Inappropriate non-elective hospital admission,,,,1,0
1563721000006113,EMISNQPR17,,1563721000006109,1563721000006113,Private Hospital,,,,1,0
1672501000006117,EMISNQPR44,,224687002,337784015,Prison hospital,,,,1,0
449806017,ESCTDI12,,306699001,449806017,Discharge to hospital,,,,1,0
449808016,ESCTDI13,,306701001,449808016,Discharge to community hospital,,,,1,0
1877281000006116,JHCLO13,,1877281000006100,1877281000006116,Long term clinical rehabilitation needs,,,,1,0
1583651000006112,TRIQQAD10,,1583651000006108,1583651000006112,Admitted: Hospital,,,,1,0
971111000006119,TRIQQIN11,,971111000006103,971111000006119,Intervention - hospital admission,,,,1,0
950721000006118,TRISDIS44,,950721000006102,950721000006118,Admitted service hospital,,,,1,0
950731000006115,TRISDIS45,,950731000006104,950731000006115,Admitted civilian hospital,,,,1,0
336831000006118,ZV658,ZV65800,32485007,54238014,[V]Admission for instruction of self catheterisation,,,,1,1
12761931000006113,^ESCT1276193,,183459001,3082918017,Gynaecological emergency hospital admission,,,,1,0
3321101000006117,^ESCTAD332110,,50699000,1230895010,Admission for short-term care,,,,1,1
5937751000006114,^ESCTAD593775,,305228002,447585018,Admission by clinical oncologist,,,,1,0
5938271000006111,^ESCTAD593827,,305268003,447640010,Admission by clinical neurophysiologist,,,,1,0
5938961000006113,^ESCTAD593896,,305325001,447714011,Admission by hospital-based midwife,,,,1,0
5939101000006118,^ESCTAD593910,,305338009,447727010,Admission to GP hospital,,,,1,0
5939121000006111,^ESCTAD593912,,305339001,447728017,Admission to private hospital,,,,1,0
5939131000006114,^ESCTAD593913,,305340004,447729013,Admission to long stay hospital,,,,1,0
5939141000006116,^ESCTAD593914,,305341000,447730015,Admission to tertiary referral hospital,,,,1,0
5939191000006113,^ESCTAD593919,,305344008,447735013,Admission to day hospital,,,,1,0
5939201000006111,^ESCTAD593920,,305345009,447736014,Admission to psychiatric day hospital,,,,1,0
5939211000006114,^ESCTAD593921,,305346005,447737017,Admission to psychogeriatric day hospital,,,,1,0
5939251000006110,^ESCTAD593925,,305348006,447741018,Admission to care of the elderly day hospital,,,,1,0
5939471000006118,^ESCTAD593947,,305361006,447763010,Admission to clinical immunology department,,,,1,0
5939561000006114,^ESCTAD593956,,305370009,447772019,Admission to clinical genetics department,,,,1,0
5963931000006116,^ESCTAD596393,,307064007,450236017,Admission by clinical haematologist,,,,1,0
5976621000006113,^ESCTAD597662,,308251003,451577013,Admission to clinical oncology department,,,,1,0
5959601000006113,^ESCTDI595960,,306700000,449807014,Discharge to long stay hospital,,,,1,0
5959621000006115,^ESCTDI595962,,306703003,449811015,Discharge to tertiary referral hospital,,,,1,0
8439271000006114,^ESCTDI843927,,1066351000000102,2678131000000114,Discharge to hospital at home service,,,,1,0
6763251000006114,^ESCTEM676325,,408501008,3082978011,Emergency hospital admission for COPD (chronic obstructive pulmonary disease),,,,1,0
8452951000006118,^ESCTEM845295,,1077941000000106,2702701000000117,Emergency hospital admission to maxillofacial surgery service,,,,1,0
8453021000006115,^ESCTEM845302,,1077991000000101,2702801000000111,Emergency hospital admission to thoracic surgery service,,,,1,0
8453071000006119,^ESCTEM845307,,1078041000000108,2702931000000114,Emergency hospital admission to general surgical service,,,,1,0
8453101000006112,^ESCTEM845310,,1078071000000102,2702991000000110,Emergency hospital admission to colorectal surgery service,,,,1,0
8453131000006116,^ESCTEM845313,,1078101000000106,2703051000000110,Emergency hospital admission to paediatric urology service,,,,1,0
8453191000006117,^ESCTEM845319,,1078151000000107,2703151000000111,Emergency hospital admission to paediatric neurosurgery service,,,,1,0
8453201000006119,^ESCTEM845320,,1078161000000105,2703171000000119,Emergency hospital admission to paediatric plastic surgery service,,,,1,0
8453291000006114,^ESCTEM845329,,1078241000000104,2703331000000118,Emergency hospital admission to paediatric nephrology service,,,,1,0
8453311000006113,^ESCTEM845331,,1078261000000103,2703371000000116,Emergency hospital admission to gastroenterology service,,,,1,0
8453321000006117,^ESCTEM845332,,1078271000000105,2703391000000117,Emergency hospital admission to endocrinology service,,,,1,0
8453331000006119,^ESCTEM845333,,1078281000000107,2703411000000117,Emergency hospital admission to critical care medicine service,,,,1,0
8453341000006112,^ESCTEM845334,,1078291000000109,2703431000000113,Emergency hospital admission to general medical service,,,,1,0
8453351000006114,^ESCTEM845335,,1078301000000108,2703451000000118,Emergency hospital admission to hepatology service,,,,1,0
8453361000006111,^ESCTEM845336,,1078311000000105,2703471000000110,Emergency hospital admission to palliative medicine service,,,,1,0
8453391000006115,^ESCTEM845339,,1078331000000102,2703511000000118,Emergency hospital admission to intermediate care service,,,,1,0
8453701000006111,^ESCTEM845370,,1078571000000107,2704031000000117,Emergency hospital admission to trauma and orthopaedics service,,,,1,0
8453821000006113,^ESCTEM845382,,1078671000000108,2704231000000114,Emergency hospital admission to stroke service,,,,1,0
8453991000006119,^ESCTEM845399,,1078791000000100,2704471000000112,Emergency hospital admission to medical oncology service,,,,1,0
8454041000006113,^ESCTEM845404,,1078831000000107,2704551000000116,Emergency hospital admission to gynaecological oncology service,,,,1,0
8454061000006112,^ESCTEM845406,,1078851000000100,2704591000000112,Emergency hospital admission to paediatric burn care service,,,,1,0
8454501000006115,^ESCTEM845450,,1079141000000103,2705281000000112,Emergency hospital admission to addiction service,,,,1,0
8454611000006116,^ESCTEM845461,,1079211000000107,2705421000000112,Emergency hospital admission to adult cystic fibrosis service,,,,1,0
8454631000006110,^ESCTEM845463,,1079221000000101,2705441000000117,Emergency hospital admission to infectious diseases service,,,,1,0
8454651000006115,^ESCTEM845465,,1079241000000108,2705481000000113,Emergency hospital admission to neonatal critical care service,,,,1,0
8454691000006114,^ESCTEM845469,,1079281000000100,2705561000000117,Emergency hospital admission to spinal surgery service,,,,1,0
8454771000006115,^ESCTEM845477,,1079351000000103,2705701000000112,Emergency hospital admission to rehabilitation service,,,,1,0
8458371000006113,^ESCTEM845837,,1082351000000104,2712391000000113,Emergency hospital admission to adult mental health service,,,,1,0
8458381000006111,^ESCTEM845838,,1082351000000104,2712381000000111,Emergency hospital admission to adult mental illness service,,,,1,0
8458451000006110,^ESCTEM845845,,1082401000000105,2712491000000116,Emergency hospital admission to programmed pulmonary rehabilitation service,,,,1,0
8458471000006117,^ESCTEM845847,,1082421000000101,2712531000000116,Emergency hospital admission to accident and emergency service,,,,1,0
3147991000006114,^ESCTGE314799,,40274000,63650017,General outpatient clinic admission,,,,1,0
3382171000006113,^ESCTGE338217,,54372004,90365019,Geriatric hospital,,,,1,0
4723361000006118,^ESCTGY472336,,183459001,3082898017,Gynecological emergency hospital admission,,,,1,0
2571671000006112,^ESCTHO257167,,4563007,7859016,"Hospital admission, transfer from other hospital or health care facility",,,,1,0
2639061000006119,^ESCTHO263906,,8715000,15373019,"Hospital admission, elective",,,,1,0
2639071000006114,^ESCTHO263907,,8715000,15376010,"Hospital admission, planned",,,,1,0
2665021000006115,^ESCTHO266502,,10378005,18064016,"Hospital admission, emergency, from emergency room, accidental injury",,,,1,0
2747211000006110,^ESCTHO274721,,15584006,26422018,"Hospital admission, elective, with partial pre-admission work-up",,,,1,0
2816831000006113,^ESCTHO281683,,19951005,33588016,"Hospital admission, emergency, from emergency room, medical nature",,,,1,0
2874641000006117,^ESCTHO287464,,23473000,39416018,"Hospital admission, for research investigation",,,,1,0
2915861000006117,^ESCTHO291586,,25986004,43541018,"Hospital admission, under police custody",,,,1,0
3265501000006112,^ESCTHO326550,,47348005,78935014,"Hospital admission, mother, for observation, delivered outside of hospital",,,,1,0
3279631000006111,^ESCTHO327963,,48183000,80280013,"Hospital admission, special",,,,1,0
3321091000006111,^ESCTHO332109,,50699000,84496015,"Hospital admission, short-term",,,,1,0
3334511000006110,^ESCTHO333451,,51501005,85777014,"Hospital admission, parent, for in-hospital child care",,,,1,0
3475441000006118,^ESCTHO347544,,60059000,99771018,"Hospital admission, infant, for observation, delivered outside of hospital",,,,1,0
3557761000006112,^ESCTHO355776,,65043002,108103016,"Hospital admission, short-term, day care",,,,1,0
3650861000006111,^ESCTHO365086,,70755000,117534015,"Hospital admission, by legal authority (commitment)",,,,1,0
3696791000006119,^ESCTHO369679,,73607007,122228018,"Hospital admission, emergency, from emergency room",,,,1,0
3743841000006111,^ESCTHO374384,,76464004,126983016,"Hospital admission, for observation",,,,1,0
3779761000006116,^ESCTHO377976,,78680009,130558011,"Hospital admission, emergency, direct",,,,1,0
3828171000006117,^ESCTHO382817,,81672003,135478015,"Hospital admission, elective, without pre-admission work-up",,,,1,0
4213461000006110,^ESCTHO421346,,112689000,183608014,"Hospital admission, elective, with complete pre-admission work-up",,,,1,0
4213471000006115,^ESCTHO421347,,112690009,183609018,"Hospital admission, boarder, for social reasons",,,,1,0
7976081000006119,^ESCTHO797608,,3241000175106,3285366010,Hospital admission from non-health care facility,,,,1,0
8463691000006117,^ESCTHO846369,,1085791000000101,2720161000000110,H/O hospital admission for psychiatric disorder,,,,1,0
7567801000006116,^ESCTNE756780,,702888006,3006427010,Neuromuscular clinic,,,,1,0
4723411000006114,^ESCTOR472341,,183461005,3082890012,Orthopedic emergency hospital admission,,,,1,0
5993711000006110,^ESCTPR599371,,309895006,453395017,Private hospital,,,,1,0
7568191000006117,^ESCTPS756819,,702915002,3006379010,Psychology clinic,,,,1,0
6763061000006115,^ESCTRE676306,,408489005,3082983015,Respiratory emergency hospital admission,,,,1,0
3244721000006119,^ESCTSE324472,,46111000,76880015,Secondary care hospital,,,,1,0
6716231000006110,^ESCTUN671623,,405614004,2157402018,Unexpected hospital admission,,,,1,0
